JobID,NNodes,NCPUS,Timelimit,Submit,Elapsed
 1,10,160,00:10:00,2019-01-01T00:00:00,00:06:00
 2,10,160,00:10:00,2019-01-01T00:00:00,00:06:00
 3,10,160,00:10:00,2019-01-01T00:00:00,00:06:00
 4,10,160,00:10:00,2019-01-01T00:00:00,00:06:00
 5,10,160,00:10:00,2019-01-01T00:00:00,00:06:00
 6,10,160,00:10:00,2019-01-01T00:00:00,00:06:00
 7,10,160,00:10:00,2019-01-01T00:00:00,00:06:00
 8,10,160,00:10:00,2019-01-01T00:00:00,00:06:00
 9,10,160,00:10:00,2019-01-01T00:00:00,00:06:00
10,10,160,00:10:00,2019-01-01T00:00:00,00:06:00
